{
    "task_counts": 30,
    "average_step_score_rate": 0.5804629629629628,
    "average_efficiency_score": 6.3667460317460325,
    "usd_efficiency_score": 0.0,
    "key_node_completion_rate": 0.49104477611940295,
    "task_success_rate": 0.23333333333333334,
    "task_near_success_rate": 0.23333333333333334
}