{
    "task_counts": 31,
    "average_step_score_rate": 0.5111111111111111,
    "average_efficiency_score": 7.604301075268817,
    "usd_efficiency_score": 0.0,
    "key_node_completion_rate": 0.4316546762589928,
    "task_success_rate": 0.16129032258064516,
    "task_near_success_rate": 0.25806451612903225
}