{
    "task_counts": 31,
    "average_step_score_rate": 0.525358422939068,
    "average_efficiency_score": 7.204301075268818,
    "usd_efficiency_score": 0.0,
    "key_node_completion_rate": 0.437410071942446,
    "task_success_rate": 0.22580645161290322,
    "task_near_success_rate": 0.16129032258064516
}