{
    "task_counts": 31,
    "average_step_score_rate": 0.5654121863799283,
    "average_efficiency_score": 7.151867572156197,
    "usd_efficiency_score": 0.0,
    "key_node_completion_rate": 0.49496402877697837,
    "task_success_rate": 0.22580645161290322,
    "task_near_success_rate": 0.16129032258064516
}