{
    "task_counts": 31,
    "average_step_score_rate": 0.554121863799283,
    "average_efficiency_score": 8.020430107526883,
    "usd_efficiency_score": 0.0,
    "key_node_completion_rate": 0.460431654676259,
    "task_success_rate": 0.25806451612903225,
    "task_near_success_rate": 0.16129032258064516
}